level1,url
Cuadernos, https://merqueo.com/bogota/domicilios-super-ahorro/temporada-escolar/cuadernos
Útiles Escolares, https://merqueo.com/bogota/domicilios-super-ahorro/temporada-escolar/utiles-escolares
Morrales y Accesorios, https://merqueo.com/bogota/domicilios-super-ahorro/temporada-escolar/morrales-y-accesorios
Medias, https://merqueo.com/bogota/domicilios-super-ahorro/temporada-escolar/medias
"Arroz, Granos y Sal", https://merqueo.com/bogota/domicilios-super-ahorro/despensa/arroz-granos-y-sal
Aceites y Aderezos, https://merqueo.com/bogota/domicilios-super-ahorro/despensa/aceites-y-aderezos
Pastas, https://merqueo.com/bogota/domicilios-super-ahorro/despensa/pastas
Azúcar y Endulzantes, https://merqueo.com/bogota/domicilios-super-ahorro/despensa/azucar-y-endulzantes
Salsas y Condimentos, https://merqueo.com/bogota/domicilios-super-ahorro/despensa/salsas-y-condimentos
"Caldos, Sopas y Cremas", https://merqueo.com/bogota/domicilios-super-ahorro/despensa/caldos-sopas-y-cremas
Productos Esparcibles, https://merqueo.com/bogota/domicilios-super-ahorro/despensa/productos-esparcibles
Enlatados y conservas, https://merqueo.com/bogota/domicilios-super-ahorro/despensa/enlatados-y-conservas
Harinas y mezclas listas, https://merqueo.com/bogota/domicilios-super-ahorro/despensa/harinas-y-mezclas-listas
Cereales, https://merqueo.com/bogota/domicilios-super-ahorro/despensa/cereales
Panes, https://merqueo.com/bogota/domicilios-super-ahorro/pan-arepas-y-tortillas/panes
Tortillas, https://merqueo.com/bogota/domicilios-super-ahorro/pan-arepas-y-tortillas/tortillas
Arepas, https://merqueo.com/bogota/domicilios-super-ahorro/pan-arepas-y-tortillas/arepas
Cocina, https://merqueo.com/bogota/domicilios-super-ahorro/aseo-del-hogar/cocina
Cuidado de la ropa, https://merqueo.com/bogota/domicilios-super-ahorro/aseo-del-hogar/cuidado-de-la-ropa
Aseo general, https://merqueo.com/bogota/domicilios-super-ahorro/aseo-del-hogar/aseo-general
Baño, https://merqueo.com/bogota/domicilios-super-ahorro/aseo-del-hogar/bano
Implementos de limpieza, https://merqueo.com/bogota/domicilios-super-ahorro/aseo-del-hogar/implementos-de-limpieza
Cuidado corporal, https://merqueo.com/bogota/domicilios-super-ahorro/cuidado-personal/cuidado-corporal
Cuidado bucal, https://merqueo.com/bogota/domicilios-super-ahorro/cuidado-personal/cuidado-bucal
Cuidado íntimo, https://merqueo.com/bogota/domicilios-super-ahorro/cuidado-personal/cuidado-intimo
Afeitado y Depilación, https://merqueo.com/bogota/domicilios-super-ahorro/cuidado-personal/afeitado-y-depilacion
Cuidado facial, https://merqueo.com/bogota/domicilios-super-ahorro/cuidado-personal/cuidado-facial
Desodorantes, https://merqueo.com/bogota/domicilios-super-ahorro/cuidado-personal/desodorantes
Cuidado capilar, https://merqueo.com/bogota/domicilios-super-ahorro/cuidado-personal/cuidado-capilar
Maquillaje, https://merqueo.com/bogota/domicilios-super-ahorro/cuidado-personal/maquillaje
Talcos, https://merqueo.com/bogota/domicilios-super-ahorro/cuidado-personal/talcos
Pañales, https://merqueo.com/bogota/domicilios-super-ahorro/bebes/panales
Fórmulas Infantiles, https://merqueo.com/bogota/domicilios-super-ahorro/bebes/formulas-infantiles
Cereales Infantiles, https://merqueo.com/bogota/domicilios-super-ahorro/bebes/cereales-infantiles
Alimento para Bebé, https://merqueo.com/bogota/domicilios-super-ahorro/bebes/alimento-para-bebe
Cuidado del Bebé, https://merqueo.com/bogota/domicilios-super-ahorro/bebes/cuidado-del-bebe
Hora del Baño, https://merqueo.com/bogota/domicilios-super-ahorro/bebes/hora-del-bano
Maternidad, https://merqueo.com/bogota/domicilios-super-ahorro/bebes/maternidad
Chocolate, https://merqueo.com/bogota/domicilios-super-ahorro/cafe-chocolate-y-te/chocolate
Café, https://merqueo.com/bogota/domicilios-super-ahorro/cafe-chocolate-y-te/cafe
Aromática y Té, https://merqueo.com/bogota/domicilios-super-ahorro/cafe-chocolate-y-te/aromatica-y-te
Jamón y mortadela, https://merqueo.com/bogota/domicilios-super-ahorro/carnes-frias-y-embutidos/jamon-y-mortadela
Salchichas, https://merqueo.com/bogota/domicilios-super-ahorro/carnes-frias-y-embutidos/salchichas
Embutidos, https://merqueo.com/bogota/domicilios-super-ahorro/carnes-frias-y-embutidos/embutidos
Otras carnes frías, https://merqueo.com/bogota/domicilios-super-ahorro/carnes-frias-y-embutidos/otras-carnes-frias
Carnes maduradas, https://merqueo.com/bogota/domicilios-super-ahorro/carnes-frias-y-embutidos/carnes-maduradas
Verduras, https://merqueo.com/bogota/domicilios-super-ahorro/frutas-y-verduras/verduras
Frutas, https://merqueo.com/bogota/domicilios-super-ahorro/frutas-y-verduras/frutas
Fruta y verdura Congelada, https://merqueo.com/bogota/domicilios-super-ahorro/frutas-y-verduras/fruta-y-verdura-congelada
Papas, https://merqueo.com/bogota/domicilios-super-ahorro/frutas-y-verduras/papas
Desgranados, https://merqueo.com/bogota/domicilios-super-ahorro/frutas-y-verduras/desgranados
Galletas, https://merqueo.com/bogota/domicilios-super-ahorro/ponques-galletas-y-dulces/galletas
Tortas y postres, https://merqueo.com/bogota/domicilios-super-ahorro/ponques-galletas-y-dulces/tortas-y-postres
Barras de cereal, https://merqueo.com/bogota/domicilios-super-ahorro/ponques-galletas-y-dulces/barras-de-cereal
Chocolates, https://merqueo.com/bogota/domicilios-super-ahorro/ponques-galletas-y-dulces/chocolates
Dulces, https://merqueo.com/bogota/domicilios-super-ahorro/ponques-galletas-y-dulces/dulces
Pollo, https://merqueo.com/bogota/domicilios-super-ahorro/pollo-carne-y-pescado/pollo
Cerdo, https://merqueo.com/bogota/domicilios-super-ahorro/pollo-carne-y-pescado/cerdo
Carne, https://merqueo.com/bogota/domicilios-super-ahorro/pollo-carne-y-pescado/carne
Pescado, https://merqueo.com/bogota/domicilios-super-ahorro/pollo-carne-y-pescado/pescado
Pasabocas, https://merqueo.com/bogota/domicilios-super-ahorro/pasabocas/pasabocas
Crispetas, https://merqueo.com/bogota/domicilios-super-ahorro/pasabocas/crispetas
Maní y frutos secos, https://merqueo.com/bogota/domicilios-super-ahorro/pasabocas/mani-y-frutos-secos
Aguas, https://merqueo.com/bogota/domicilios-super-ahorro/bebidas/aguas
Maltas, https://merqueo.com/bogota/domicilios-super-ahorro/bebidas/maltas
Jugos y néctares, https://merqueo.com/bogota/domicilios-super-ahorro/bebidas/jugos-y-nectares
Bebidas en polvo, https://merqueo.com/bogota/domicilios-super-ahorro/bebidas/bebidas-en-polvo
Complementos Nutricionales, https://merqueo.com/bogota/domicilios-super-ahorro/bebidas/complementos-nutricionales
Hidratantes, https://merqueo.com/bogota/domicilios-super-ahorro/bebidas/hidratantes
Gaseosas, https://merqueo.com/bogota/domicilios-super-ahorro/bebidas/gaseosas
Energizantes, https://merqueo.com/bogota/domicilios-super-ahorro/bebidas/energizantes
Té, https://merqueo.com/bogota/domicilios-super-ahorro/bebidas/te
Bebidas James Rodriguez, https://merqueo.com/bogota/domicilios-super-ahorro/bebidas/bebidas-james-rodriguez
Apanados, https://merqueo.com/bogota/domicilios-super-ahorro/congelados/apanados
Alimentos congelados, https://merqueo.com/bogota/domicilios-super-ahorro/congelados/alimentos-congelados
Desechables y Miscelanea, https://merqueo.com/bogota/domicilios-super-ahorro/hogar/desechables-y-miscelanea
Electrodomésticos, https://merqueo.com/bogota/domicilios-super-ahorro/hogar/electrodomesticos
Estufas, https://merqueo.com/bogota/domicilios-super-ahorro/hogar/estufas
Utensilios de Cocina y Mesa, https://merqueo.com/bogota/domicilios-super-ahorro/hogar/utensilios-de-cocina-y-mesa
Cervezas, https://merqueo.com/bogota/domicilios-super-ahorro/licores/cervezas
Aguardiente, https://merqueo.com/bogota/domicilios-super-ahorro/licores/aguardiente
Whisky, https://merqueo.com/bogota/domicilios-super-ahorro/licores/whisky
Ron, https://merqueo.com/bogota/domicilios-super-ahorro/licores/ron
Vodka, https://merqueo.com/bogota/domicilios-super-ahorro/licores/vodka
Ginebra, https://merqueo.com/bogota/domicilios-super-ahorro/licores/ginebra
Tequila, https://merqueo.com/bogota/domicilios-super-ahorro/licores/tequila
Vino, https://merqueo.com/bogota/domicilios-super-ahorro/licores/vino
Otros licores, https://merqueo.com/bogota/domicilios-super-ahorro/licores/otros-licores
Tónicas, https://merqueo.com/bogota/domicilios-super-ahorro/licores/tonicas
Cigarrillos, https://merqueo.com/bogota/domicilios-super-ahorro/licores/cigarrillos
Comida Gatos, https://merqueo.com/bogota/domicilios-super-ahorro/mascotas/comida-gatos
Comida Perros, https://merqueo.com/bogota/domicilios-super-ahorro/mascotas/comida-perros
Higiene de la Mascota, https://merqueo.com/bogota/domicilios-super-ahorro/mascotas/higiene-de-la-mascota
Snacks y Juguetes, https://merqueo.com/bogota/domicilios-super-ahorro/mascotas/snacks-y-juguetes
Arena para Gatos, https://merqueo.com/bogota/domicilios-super-ahorro/mascotas/arena-para-gatos
Primeros auxilios / Botiquín, https://merqueo.com/bogota/domicilios-super-ahorro/drogueria/primeros-auxilios-botiquin
Vitaminas, https://merqueo.com/bogota/domicilios-super-ahorro/drogueria/vitaminas
Condones, https://merqueo.com/bogota/domicilios-super-ahorro/drogueria/condones
Analgésicos y antigripales, https://merqueo.com/bogota/domicilios-super-ahorro/drogueria/analgesicos-y-antigripales
Estómago, https://merqueo.com/bogota/domicilios-super-ahorro/drogueria/estomago
Incontinencia, https://merqueo.com/bogota/domicilios-super-ahorro/drogueria/incontinencia
Hombre, https://merqueo.com/bogota/domicilios-super-ahorro/moda/hombre
Mujer, https://merqueo.com/bogota/domicilios-super-ahorro/moda/mujer
Consolas y Videojuegos, https://merqueo.com/bogota/domicilios-super-ahorro/tecnologia/consolas-y-videojuegos
